Country,State,Route,Year,Aou,SpeciesTotal
840,14,7,1996,5190,74
840,14,7,1996,5810,4
840,14,7,1996,7190,4
840,14,7,1997,5190,40
840,14,7,1997,5810,3
840,14,7,1997,7190,5
840,14,7,1998,5190,29
840,14,7,1998,5810,2
840,14,7,1998,7190,8
840,14,7,2002,5190,20
840,14,7,2002,5810,1
840,14,7,2002,7190,3
840,14,7,2003,5190,20
840,14,7,2003,5810,1
840,14,7,2003,7190,5
840,14,7,2004,5190,16
840,14,7,2004,5810,1
840,14,7,2004,7190,7
840,14,7,2005,5190,23
840,14,7,2005,7190,2
840,14,7,2006,5190,8
840,14,7,2006,6810,1
840,14,7,2006,7190,7
840,14,7,2007,5190,13
840,14,7,2007,6810,1
840,14,7,2007,7190,11
840,14,7,2010,5190,27
840,14,7,2010,6810,1
840,14,7,2010,7190,7
840,14,7,2011,5190,28
840,14,7,2011,6810,1
840,14,7,2011,7190,3
840,14,7,2012,5190,35
840,14,7,2012,7190,6
840,14,7,2013,5190,20
840,14,7,2013,6810,1
840,14,7,2013,7190,6
840,14,7,2014,5190,43
840,14,7,2014,6810,1
840,14,7,2014,7190,2
840,14,7,2015,5190,15
840,14,7,2015,6810,1
840,14,7,2015,7190,2
840,14,7,2016,5190,19
840,14,7,2016,6810,1
840,14,7,2016,7190,7
840,14,7,2017,5190,19
840,14,7,2017,5810,1
840,14,7,2017,6810,1
840,14,7,2017,7190,9
840,14,12,2004,5190,173
840,14,12,2004,7190,1
840,14,12,2008,5190,133
840,14,12,2009,5190,117
840,14,12,2009,5810,1
840,14,12,2014,5190,113
840,14,12,2014,7190,2
840,14,12,2015,5190,132
840,14,12,2015,5810,3
840,14,12,2015,6810,1
840,14,12,2015,7190,3
840,14,12,2017,5190,117
840,14,12,2017,7190,5
840,14,15,1996,5190,7
840,14,15,1996,5810,6
840,14,15,1996,7190,46
840,14,15,1997,5190,14
840,14,15,1997,5810,2
840,14,15,1997,7190,50
840,14,15,1998,5190,5
840,14,15,1998,7190,33
840,14,15,1999,5190,10
840,14,15,1999,5810,8
840,14,15,1999,7190,60
840,14,15,2000,5190,10
840,14,15,2000,5810,9
840,14,15,2000,7190,37
840,14,15,2001,5190,3
840,14,15,2001,5810,7
840,14,15,2001,7190,40
840,14,15,2002,5190,4
840,14,15,2002,5810,6
840,14,15,2002,7190,51
840,14,15,2003,5190,3
840,14,15,2003,5810,5
840,14,15,2003,7190,50
840,14,15,2004,5190,6
840,14,15,2004,5810,9
840,14,15,2004,7190,46
840,14,15,2005,5190,5
840,14,15,2005,5810,9
840,14,15,2005,7190,51
840,14,15,2006,5190,2
840,14,15,2006,5810,9
840,14,15,2006,7190,54
840,14,15,2007,5190,13
840,14,15,2007,5810,8
840,14,15,2007,7190,34
840,14,15,2008,5190,16
840,14,15,2008,5810,11
840,14,15,2008,7190,16
840,14,16,1996,5190,21
840,14,16,1998,5190,20
840,14,16,1998,6810,1
840,14,16,1999,5190,23
840,14,16,1999,6810,1
840,14,16,2000,5190,6
840,14,16,2001,5190,10
840,14,16,2001,6810,1
840,14,16,2002,5190,17
840,14,16,2003,5190,41
840,14,16,2003,6810,1
840,14,16,2004,5190,16
840,14,16,2005,5190,21
840,14,16,2006,5190,12
840,14,16,2007,5190,4
840,14,16,2008,5190,10
840,14,16,2010,5190,29
840,14,16,2011,5190,22
840,14,16,2012,5190,27
840,14,16,2013,5190,35
840,14,16,2014,5190,10
840,14,16,2014,7190,1
840,14,16,2015,5190,20
840,14,16,2017,5190,15
840,14,20,1996,5190,80
840,14,20,1997,5190,51
840,14,20,1998,5190,46
840,14,20,2000,5190,136
840,14,20,2000,5810,1
840,14,20,2001,5190,55
840,14,20,2001,5810,2
840,14,20,2002,5190,24
840,14,20,2004,5190,30
840,14,20,2004,5810,5
840,14,21,1996,5190,167
840,14,21,1997,5190,205
840,14,21,1998,5190,206
840,14,21,1998,5810,1
840,14,21,1999,5190,172
840,14,21,2000,5190,166
840,14,21,2001,5190,167
840,14,21,2002,5190,126
840,14,21,2003,5190,158
840,14,21,2004,5190,118
840,14,21,2004,5810,1
840,14,21,2005,5190,107
840,14,21,2006,5190,107
840,14,21,2006,7190,1
840,14,21,2007,5190,121
840,14,21,2008,5190,203
840,14,21,2009,5190,157
840,14,21,2010,5190,214
840,14,21,2011,5190,168
840,14,21,2012,5190,140
840,14,21,2013,5190,140
840,14,21,2014,5190,169
840,14,21,2015,5190,175
840,14,21,2016,5190,139
840,14,21,2017,5190,170
840,14,25,1996,5190,131
840,14,25,1996,5810,6
840,14,25,1996,7190,14
840,14,25,2000,5190,142
840,14,25,2000,5810,6
840,14,25,2000,7190,13
840,14,25,2001,5190,121
840,14,25,2001,5810,6
840,14,25,2001,7190,9
840,14,25,2002,5190,64
840,14,25,2002,5810,10
840,14,25,2002,6810,1
840,14,25,2002,7190,16
840,14,25,2003,5190,110
840,14,25,2003,5810,2
840,14,25,2003,7190,19
840,14,26,1997,5190,78
840,14,26,1997,5810,1
840,14,26,1998,5190,156
840,14,26,1999,5190,52
840,14,26,2000,5190,117
840,14,26,2005,5190,32
840,14,26,2012,5190,13
840,14,26,2013,5190,27
840,14,28,1996,5190,26
840,14,28,1996,5810,4
840,14,28,1996,7190,2
840,14,28,1997,5190,47
840,14,28,1997,5810,1
840,14,28,1997,6810,1
840,14,28,1997,7190,2
840,14,32,2006,5190,143
840,14,32,2006,5810,2
840,14,32,2006,7190,2
840,14,32,2007,5190,248
840,14,32,2007,7190,1
840,14,32,2008,5190,176
840,14,32,2008,7190,1
840,14,32,2009,5190,223
840,14,32,2009,7190,2
840,14,32,2012,5190,178
840,14,32,2012,7190,2
840,14,32,2013,5190,157
840,14,32,2014,5190,221
840,14,32,2015,5190,178
840,14,32,2015,7190,1
840,14,32,2016,5190,238
840,14,32,2017,5190,143
840,14,32,2017,7190,1
840,14,33,1997,5190,30
840,14,33,1997,5810,7
840,14,33,1998,5190,77
840,14,33,1998,5810,9
840,14,33,1999,5190,70
840,14,33,1999,5810,13
840,14,33,2000,5190,77
840,14,33,2000,5810,8
840,14,33,2001,5190,39
840,14,33,2001,5810,2
840,14,33,2002,5190,56
840,14,33,2002,5810,1
840,14,33,2003,5190,26
840,14,33,2003,5810,1
840,14,33,2004,5190,1
840,14,33,2004,5810,1
840,14,33,2005,5190,15
840,14,33,2005,5810,2
840,14,33,2015,5190,169
840,14,33,2016,5190,113
840,14,33,2016,5810,2
840,14,33,2017,5190,99
840,14,38,1996,5190,44
840,14,38,1996,5810,10
840,14,38,1996,6810,6
840,14,38,1996,7190,3
840,14,38,1997,5190,77
840,14,38,1997,5810,9
840,14,38,1997,6810,2
840,14,38,1997,7190,8
840,14,38,2002,5190,85
840,14,38,2002,5810,13
840,14,38,2002,6810,14
840,14,38,2002,7190,5
840,14,38,2003,5190,89
840,14,38,2003,5810,25
840,14,38,2003,6810,6
840,14,38,2003,7190,7
840,14,38,2012,5190,52
840,14,38,2012,5810,3
840,14,38,2012,6810,1
840,14,38,2012,7190,5
840,14,38,2013,5190,59
840,14,38,2013,5810,1
840,14,38,2013,6810,4
840,14,38,2013,7190,1
840,14,38,2014,5190,97
840,14,38,2014,5810,2
840,14,38,2014,6810,1
840,14,38,2014,7190,6
840,14,42,1997,5190,37
840,14,42,1997,5810,2
840,14,42,1997,7190,2
840,14,42,2001,5190,5
840,14,42,2001,5810,2
840,14,42,2002,5190,7
840,14,42,2002,7190,7
840,14,42,2003,5190,11
840,14,42,2003,5810,1
840,14,42,2003,7190,10
840,14,42,2004,5190,13
840,14,42,2004,7190,2
840,14,46,2012,5190,67
840,14,46,2012,5810,2
840,14,46,2012,6810,1
840,14,46,2017,5190,78
840,14,46,2017,5810,2
840,14,46,2017,6810,5
840,14,46,2017,7190,1
840,14,47,2003,5190,37
840,14,47,2003,5810,9
840,14,47,2003,6810,4
840,14,47,2003,7190,20
840,14,47,2004,5190,64
840,14,47,2004,6810,1
840,14,47,2004,7190,19
840,14,47,2005,5190,49
840,14,47,2005,5810,1
840,14,47,2005,6810,1
840,14,47,2005,7190,42
840,14,47,2006,5190,54
840,14,47,2006,5810,1
840,14,47,2006,6810,1
840,14,47,2006,7190,33
840,14,47,2007,5190,90
840,14,47,2007,5810,4
840,14,47,2007,6810,2
840,14,47,2007,7190,22
840,14,47,2008,5190,79
840,14,47,2008,5810,6
840,14,47,2008,7190,23
840,14,47,2009,5190,73
840,14,47,2009,5810,5
840,14,47,2009,6810,2
840,14,47,2009,7190,19
840,14,47,2010,5190,56
840,14,47,2010,5810,4
840,14,47,2010,7190,31
840,14,47,2011,5190,65
840,14,47,2011,5810,3
840,14,47,2011,6810,3
840,14,47,2011,7190,31
840,14,47,2012,5190,86
840,14,47,2012,5810,3
840,14,47,2012,7190,30
840,14,47,2013,5190,58
840,14,47,2013,5810,2
840,14,47,2013,6810,1
840,14,47,2013,7190,33
840,14,47,2014,5190,55
840,14,47,2014,5810,3
840,14,47,2014,7190,20
840,14,47,2015,5190,61
840,14,47,2015,5810,1
840,14,47,2015,7190,46
840,14,47,2016,5190,50
840,14,47,2016,5810,2
840,14,47,2016,7190,36
840,14,47,2017,5190,57
840,14,47,2017,5810,1
840,14,47,2017,7190,29
840,14,50,2003,5190,256
840,14,50,2003,5810,7
840,14,50,2003,6810,17
840,14,50,2003,7190,1
840,14,50,2004,5190,127
840,14,50,2004,5810,8
840,14,50,2004,6810,11
840,14,50,2004,7190,2
840,14,50,2013,5190,145
840,14,50,2013,5810,2
840,14,50,2013,6810,5
840,14,50,2013,7190,1
840,14,50,2017,5190,55
840,14,50,2017,5810,2
840,14,50,2017,6810,4
840,14,50,2017,7190,2
840,14,52,1996,5190,106
840,14,52,1996,5810,11
840,14,52,1996,7190,3
840,14,52,1997,5190,127
840,14,52,1997,5810,6
840,14,52,1997,7190,4
840,14,52,1998,5190,89
840,14,52,1999,5190,91
840,14,52,1999,5810,17
840,14,52,1999,7190,6
840,14,52,2001,5190,111
840,14,52,2001,5810,5
840,14,52,2001,6810,2
840,14,52,2001,7190,3
840,14,52,2003,5190,100
840,14,52,2003,5810,6
840,14,52,2003,6810,3
840,14,52,2004,5190,116
840,14,52,2004,5810,11
840,14,52,2004,6810,4
840,14,52,2004,7190,1
840,14,52,2005,5190,60
840,14,52,2005,5810,7
840,14,52,2005,6810,1
840,14,52,2006,5190,60
840,14,52,2006,5810,14
840,14,52,2006,6810,4
840,14,52,2006,7190,1
840,14,52,2007,5190,73
840,14,52,2007,5810,8
840,14,52,2007,6810,2
840,14,52,2007,7190,2
840,14,52,2011,5190,57
840,14,52,2011,5810,8
840,14,53,1996,5190,39
840,14,53,1996,7190,12
840,14,53,1997,5190,28
840,14,53,1997,7190,41
840,14,53,1998,5190,56
840,14,53,1998,7190,34
840,14,53,1999,5190,66
840,14,53,1999,7190,66
840,14,53,2000,5190,57
840,14,53,2000,7190,1
840,14,53,2001,5190,60
840,14,53,2001,7190,8
840,14,53,2002,5190,59
840,14,53,2002,7190,21
840,14,53,2003,5190,86
840,14,53,2003,7190,5
840,14,53,2005,5190,67
840,14,53,2005,7190,1
840,14,53,2006,5190,66
840,14,53,2006,7190,21
840,14,53,2007,5190,44
840,14,53,2007,7190,1
840,14,53,2008,5190,41
840,14,53,2008,7190,3
840,14,53,2009,5190,42
840,14,53,2009,7190,6
840,14,53,2012,5190,6
840,14,53,2012,7190,3
840,14,53,2013,5190,9
840,14,53,2013,7190,2
840,14,53,2014,5190,56
840,14,54,1996,5190,98
840,14,54,1996,7190,5
840,14,54,1997,5190,69
840,14,54,1997,7190,1
840,14,54,1998,5190,46
840,14,54,1998,7190,2
840,14,54,1999,5190,39
840,14,54,1999,5810,1
840,14,54,1999,7190,2
840,14,54,2000,5190,51
840,14,54,2000,5810,1
840,14,54,2000,7190,1
840,14,54,2001,5190,71
840,14,54,2001,7190,1
840,14,54,2002,5190,66
840,14,54,2002,7190,1
840,14,54,2003,5190,36
840,14,54,2003,5810,2
840,14,54,2003,7190,3
840,14,54,2004,5190,72
840,14,54,2005,5190,75
840,14,54,2005,7190,1
840,14,54,2006,5190,36
840,14,54,2006,5810,1
840,14,54,2006,7190,1
840,14,54,2007,5190,103
840,14,54,2007,5810,4
840,14,54,2008,5190,113
840,14,54,2008,5810,1
840,14,54,2009,5190,148
840,14,54,2009,7190,6
840,14,54,2010,5190,152
840,14,54,2010,5810,1
840,14,54,2010,7190,9
840,14,54,2011,5190,107
840,14,54,2011,7190,2
840,14,54,2012,5190,110
840,14,54,2012,5810,1
840,14,54,2012,7190,2
840,14,54,2016,5190,85
840,14,54,2016,5810,3
840,14,54,2016,7190,4
840,14,55,1996,5190,15
840,14,55,1996,5810,2
840,14,55,1996,7190,7
840,14,57,2003,5190,26
840,14,57,2003,5540,14
840,14,57,2003,5810,14
840,14,57,2003,7190,3
840,14,57,2004,5190,54
840,14,57,2004,5540,14
840,14,57,2004,5810,25
840,14,57,2004,7190,8
840,14,57,2005,5190,44
840,14,57,2005,5540,10
840,14,57,2005,5810,13
840,14,57,2005,7190,7
840,14,57,2006,5190,60
840,14,57,2006,5540,14
840,14,57,2006,5810,10
840,14,57,2006,7190,12
840,14,57,2012,5190,11
840,14,57,2012,5540,9
840,14,57,2012,5810,5
840,14,57,2012,7190,3
840,14,57,2013,5190,41
840,14,57,2013,5540,7
840,14,57,2013,7190,7
840,14,71,1996,5190,19
840,14,71,1996,5810,33
840,14,71,1996,6810,1
840,14,71,1996,7190,14
840,14,71,1997,5190,26
840,14,71,1997,5810,56
840,14,71,1997,6810,2
840,14,71,1997,7190,4
840,14,71,1998,5190,26
840,14,71,1998,5810,47
840,14,71,1998,6810,3
840,14,71,1998,7190,4
840,14,71,1999,5190,14
840,14,71,1999,5810,47
840,14,71,1999,6810,1
840,14,71,1999,7190,4
840,14,71,2000,5190,11
840,14,71,2000,5540,3
840,14,71,2000,5810,48
840,14,71,2000,7190,3
840,14,71,2001,5190,9
840,14,71,2001,5540,1
840,14,71,2001,5810,52
840,14,71,2001,6810,5
840,14,71,2001,7190,10
840,14,71,2002,5190,16
840,14,71,2002,5540,2
840,14,71,2002,5810,32
840,14,71,2002,6810,4
840,14,71,2002,7190,6
840,14,71,2003,5190,23
840,14,71,2003,5540,4
840,14,71,2003,5810,49
840,14,71,2003,6810,1
840,14,71,2003,7190,8
840,14,71,2004,5190,12
840,14,71,2004,5540,3
840,14,71,2004,5810,43
840,14,71,2004,6810,3
840,14,71,2004,7190,6
840,14,71,2005,5190,9
840,14,71,2005,5540,1
840,14,71,2005,5810,50
840,14,71,2005,6810,1
840,14,71,2005,7190,3
840,14,71,2006,5190,12
840,14,71,2006,5540,1
840,14,71,2006,5810,51
840,14,71,2006,6810,2
840,14,71,2006,7190,20
840,14,71,2007,5190,15
840,14,71,2007,5810,56
840,14,71,2007,6810,2
840,14,71,2007,7190,15
840,14,71,2008,5190,13
840,14,71,2008,5810,53
840,14,71,2008,7190,13
840,14,71,2009,5190,24
840,14,71,2009,5810,40
840,14,71,2009,6810,2
840,14,71,2009,7190,8
840,14,71,2010,5190,22
840,14,71,2010,5810,45
840,14,71,2010,6810,1
840,14,71,2010,7190,14
840,14,71,2011,5190,9
840,14,71,2011,5810,49
840,14,71,2011,6810,2
840,14,71,2011,7190,3
840,14,71,2012,5190,22
840,14,71,2012,5810,38
840,14,71,2012,6810,1
840,14,71,2012,7190,23
840,14,71,2013,5190,10
840,14,71,2013,5810,34
840,14,71,2013,6810,2
840,14,71,2013,7190,13
840,14,71,2014,5190,22
840,14,71,2014,5810,54
840,14,71,2014,6810,3
840,14,71,2014,7190,25
840,14,71,2015,5190,13
840,14,71,2015,5810,42
840,14,71,2015,6810,5
840,14,71,2015,7190,24
840,14,71,2016,5190,17
840,14,71,2016,5810,31
840,14,71,2016,6810,4
840,14,71,2016,7190,17
840,14,71,2017,5190,12
840,14,71,2017,5810,40
840,14,71,2017,6810,4
840,14,71,2017,7190,6
840,14,79,1996,5190,17
840,14,79,1996,7190,1
840,14,79,1997,5190,21
840,14,79,1997,7190,1
840,14,79,1998,5190,14
840,14,79,1998,7190,1
840,14,79,1999,5190,4
840,14,79,1999,7190,2
840,14,79,2000,5190,8
840,14,79,2000,7190,3
840,14,79,2010,5190,33
840,14,79,2010,7190,9
840,14,79,2011,5190,24
840,14,79,2011,7190,13
840,14,79,2012,5190,24
840,14,79,2012,7190,8
840,14,79,2013,5190,27
840,14,79,2013,7190,3
840,14,79,2014,5190,24
840,14,79,2014,7190,8
840,14,79,2015,5190,29
840,14,79,2015,7190,8
840,14,79,2016,5190,27
840,14,79,2016,7190,6
840,14,79,2017,5190,21
840,14,79,2017,7190,7
840,14,80,1996,5190,36
840,14,80,1997,5190,14
840,14,80,1998,5190,22
840,14,80,1999,5190,32
840,14,80,2000,5190,18
840,14,80,2001,5190,11
840,14,80,2002,5190,43
840,14,80,2003,5190,38
840,14,80,2003,6810,1
840,14,80,2004,5190,10
840,14,80,2005,5190,15
840,14,80,2006,5190,20
840,14,80,2006,7190,1
840,14,80,2007,5190,73
840,14,80,2008,5190,45
840,14,80,2008,6810,1
840,14,80,2009,5190,26
840,14,80,2010,5190,46
840,14,80,2010,7190,1
840,14,80,2011,5190,46
840,14,80,2012,5190,35
840,14,80,2012,6810,3
840,14,80,2013,5190,160
840,14,80,2013,6810,2
840,14,80,2014,5190,134
840,14,80,2014,6810,1
840,14,80,2015,5190,104
840,14,80,2017,5190,101
840,14,80,2017,6810,2
840,14,83,1996,5190,9
840,14,83,1996,5810,47
840,14,83,1996,7190,10
840,14,83,1997,5190,7
840,14,83,1997,5810,32
840,14,83,1997,7190,4
840,14,83,1998,5190,7
840,14,83,1998,5810,32
840,14,83,1998,6810,2
840,14,83,1998,7190,5
840,14,83,1999,5190,8
840,14,83,1999,5810,29
840,14,83,1999,6810,1
840,14,83,1999,7190,6
840,14,83,2000,5190,7
840,14,83,2000,5540,1
840,14,83,2000,5810,34
840,14,83,2000,6810,2
840,14,83,2000,7190,10
840,14,83,2001,5190,17
840,14,83,2001,5540,2
840,14,83,2001,5810,27
840,14,83,2001,7190,6
840,14,83,2002,5190,1
840,14,83,2002,5810,25
840,14,83,2002,6810,1
840,14,83,2002,7190,14
840,14,83,2003,5190,7
840,14,83,2003,5810,29
840,14,83,2003,6810,1
840,14,83,2003,7190,11
840,14,83,2004,5190,4
840,14,83,2004,5810,31
840,14,83,2004,6810,5
840,14,83,2004,7190,15
840,14,83,2005,5190,7
840,14,83,2005,5810,32
840,14,83,2005,6810,2
840,14,83,2005,7190,14
840,14,83,2006,5190,4
840,14,83,2006,5810,22
840,14,83,2006,7190,12
840,14,83,2007,5190,4
840,14,83,2007,5810,22
840,14,83,2007,6810,1
840,14,83,2007,7190,11
840,14,83,2008,5190,8
840,14,83,2008,5810,28
840,14,83,2008,6810,2
840,14,83,2008,7190,10
840,14,83,2009,5190,9
840,14,83,2009,5810,24
840,14,83,2009,6810,3
840,14,83,2009,7190,10
840,14,83,2010,5190,3
840,14,83,2010,5810,18
840,14,83,2010,6810,1
840,14,83,2010,7190,6
840,14,83,2011,5190,7
840,14,83,2011,5810,18
840,14,83,2011,6810,3
840,14,83,2011,7190,14
840,14,83,2012,5190,5
840,14,83,2012,5540,1
840,14,83,2012,5810,17
840,14,83,2012,6810,1
840,14,83,2012,7190,18
840,14,83,2013,5190,9
840,14,83,2013,5540,1
840,14,83,2013,5810,18
840,14,83,2013,6810,1
840,14,83,2013,7190,21
840,14,83,2014,5190,3
840,14,83,2014,5540,1
840,14,83,2014,5810,8
840,14,83,2014,7190,6
840,14,83,2015,5190,4
840,14,83,2015,5540,3
840,14,83,2015,5810,7
840,14,83,2015,6810,1
840,14,83,2015,7190,15
840,14,83,2017,5190,9
840,14,83,2017,5810,13
840,14,83,2017,7190,14
840,14,97,1996,5190,25
840,14,97,1996,5810,2
840,14,97,1996,7190,14
840,14,97,1997,5190,20
840,14,97,1997,7190,13
840,14,97,1998,5190,23
840,14,97,1998,7190,8
840,14,97,1999,5190,27
840,14,97,1999,5810,2
840,14,97,1999,7190,12
840,14,97,2000,5190,12
840,14,97,2000,5810,1
840,14,97,2000,7190,13
840,14,97,2001,5190,13
840,14,97,2001,7190,7
840,14,97,2002,5190,9
840,14,97,2002,5810,4
840,14,97,2002,7190,12
840,14,97,2003,5190,10
840,14,97,2003,5810,1
840,14,97,2003,7190,13
840,14,97,2004,5190,15
840,14,97,2004,5810,1
840,14,97,2004,7190,15
840,14,97,2005,5190,5
840,14,97,2005,5810,1
840,14,97,2005,7190,13
840,14,97,2006,5190,12
840,14,97,2006,7190,18
840,14,97,2007,5190,18
840,14,97,2007,5810,1
840,14,97,2007,7190,18
840,14,97,2008,5190,17
840,14,97,2008,5810,1
840,14,97,2008,7190,7
840,14,97,2009,5190,10
840,14,97,2009,5810,3
840,14,97,2009,7190,10
840,14,97,2010,5190,10
840,14,97,2010,5810,1
840,14,97,2010,7190,13
840,14,97,2011,5190,9
840,14,97,2011,7190,10
840,14,97,2012,5190,2
840,14,97,2012,7190,1
840,14,98,1996,5190,40
840,14,98,1996,5810,4
840,14,98,1996,7190,25
840,14,98,1997,5190,58
840,14,98,1997,7190,31
840,14,98,1998,5190,61
840,14,98,1998,5810,2
840,14,98,1998,7190,38
840,14,98,1999,5190,62
840,14,98,1999,5810,2
840,14,98,1999,7190,29
840,14,98,2000,5190,44
840,14,98,2000,5810,2
840,14,98,2000,7190,26
840,14,98,2001,5190,33
840,14,98,2001,5810,2
840,14,98,2001,7190,21
840,14,98,2002,5190,40
840,14,98,2002,7190,26
840,14,98,2003,5190,42
840,14,98,2003,5810,2
840,14,98,2003,7190,29
840,14,98,2004,5190,76
840,14,98,2004,5810,2
840,14,98,2004,7190,23
840,14,98,2005,5190,51
840,14,98,2005,5810,3
840,14,98,2005,7190,22
840,14,98,2006,5190,47
840,14,98,2006,5810,4
840,14,98,2006,7190,40
840,14,98,2007,5190,69
840,14,98,2007,7190,35
840,14,98,2008,5190,72
840,14,98,2008,5810,1
840,14,98,2008,7190,24
840,14,98,2009,5190,81
840,14,98,2009,5810,3
840,14,98,2009,7190,22
840,14,98,2010,5190,67
840,14,98,2010,5810,1
840,14,98,2010,7190,14
840,14,98,2011,5190,71
840,14,98,2011,5810,2
840,14,98,2011,7190,23
840,14,98,2012,5190,63
840,14,98,2012,5810,3
840,14,98,2012,7190,12
840,14,98,2013,5190,59
840,14,98,2013,5810,4
840,14,98,2013,7190,14
840,14,98,2014,5190,72
840,14,98,2014,5810,2
840,14,98,2014,7190,17
840,14,98,2015,5190,82
840,14,98,2015,5810,1
840,14,98,2015,7190,18
840,14,98,2016,5190,63
840,14,98,2016,5810,2
840,14,98,2016,7190,6
840,14,98,2017,5190,33
840,14,98,2017,5810,2
840,14,98,2017,7190,19
840,14,99,1997,5190,73
840,14,99,1997,6810,3
840,14,99,1997,7190,83
840,14,99,1998,5190,48
840,14,99,1998,6810,3
840,14,99,1998,7190,53
840,14,99,2012,5190,78
840,14,99,2012,6810,3
840,14,99,2012,7190,25
840,14,99,2013,5190,93
840,14,99,2013,6810,2
840,14,99,2013,7190,26
840,14,99,2014,5190,42
840,14,99,2014,6810,2
840,14,99,2014,7190,42
840,14,99,2015,5190,71
840,14,99,2015,6810,3
840,14,99,2015,7190,54
840,14,99,2016,5190,58
840,14,99,2016,7190,58
840,14,99,2017,5190,64
840,14,99,2017,7190,74
840,14,103,1996,5190,79
840,14,103,1996,5810,18
840,14,103,1996,7190,38
840,14,103,2012,5190,62
840,14,103,2012,5810,3
840,14,103,2012,6810,2
840,14,103,2012,7190,23
840,14,103,2013,5190,47
840,14,103,2013,5810,7
840,14,103,2013,7190,21
840,14,103,2014,5190,51
840,14,103,2014,5810,5
840,14,103,2014,7190,6
840,14,104,2009,5190,4
840,14,104,2009,5810,6
840,14,104,2009,7190,2
840,14,104,2010,5190,2
840,14,104,2011,5190,6
840,14,104,2011,5810,4
840,14,104,2011,7190,11
840,14,104,2012,5190,9
840,14,104,2012,5810,16
840,14,104,2012,7190,17
840,14,104,2013,5190,3
840,14,104,2013,5810,1
840,14,104,2013,7190,4
840,14,104,2014,5190,5
840,14,104,2014,5810,6
840,14,104,2014,7190,10
840,14,104,2015,5190,2
840,14,104,2015,5810,5
840,14,104,2015,7190,3
840,14,105,1996,5190,189
840,14,105,1996,5810,4
840,14,105,1996,6810,5
840,14,105,1996,7190,2
840,14,105,1997,5190,162
840,14,105,1997,5810,5
840,14,105,1997,6810,2
840,14,105,1999,5190,88
840,14,105,1999,5810,13
840,14,105,1999,6810,3
840,14,105,1999,7190,4
840,14,106,1996,5190,112
840,14,106,1996,5810,9
840,14,106,1996,6810,3
840,14,106,1996,7190,12
840,14,106,1997,5190,35
840,14,106,1997,5810,13
840,14,106,1997,6810,8
840,14,106,1997,7190,4
840,14,106,1998,5190,36
840,14,106,1998,5810,9
840,14,106,1998,6810,7
840,14,106,1998,7190,12
840,14,106,1999,5190,60
840,14,106,1999,5810,25
840,14,106,1999,6810,18
840,14,106,1999,7190,12
840,14,106,2000,5190,66
840,14,106,2000,5810,16
840,14,106,2000,6810,11
840,14,106,2000,7190,5
840,14,106,2001,5190,36
840,14,106,2001,5810,5
840,14,106,2001,6810,6
840,14,106,2001,7190,3
840,14,106,2002,5190,44
840,14,106,2002,5810,3
840,14,106,2002,6810,3
840,14,106,2002,7190,5
840,14,106,2003,5190,28
840,14,106,2003,5810,4
840,14,106,2003,6810,3
840,14,106,2003,7190,8
840,14,106,2004,5190,39
840,14,106,2004,5810,3
840,14,106,2004,7190,7
840,14,106,2005,5190,58
840,14,106,2005,5810,3
840,14,106,2005,6810,7
840,14,106,2005,7190,14
840,14,106,2006,5190,72
840,14,106,2006,5810,5
840,14,106,2006,6810,4
840,14,106,2006,7190,10
840,14,106,2007,5190,32
840,14,106,2007,5810,4
840,14,106,2007,7190,3
840,14,106,2008,5190,30
840,14,106,2008,5810,4
840,14,106,2008,6810,1
840,14,106,2008,7190,1
840,14,106,2009,5190,47
840,14,106,2009,5810,8
840,14,106,2009,7190,2
840,14,106,2010,5190,32
840,14,106,2010,7190,3
840,14,106,2011,5190,29
840,14,106,2011,5810,2
840,14,106,2011,7190,2
840,14,106,2012,5190,31
840,14,106,2012,5810,4
840,14,106,2012,7190,7
840,14,106,2013,5190,54
840,14,106,2013,5810,7
840,14,106,2013,7190,4
840,14,106,2014,5190,13
840,14,106,2014,7190,4
840,14,106,2015,5190,18
840,14,106,2015,7190,2
840,14,106,2016,5190,7
840,14,106,2016,6810,1
840,14,106,2016,7190,3
840,14,106,2017,5190,6
840,14,106,2017,5810,1
840,14,106,2017,7190,5
840,14,107,2013,5190,60
840,14,107,2013,7190,3
840,14,107,2014,5190,16
840,14,107,2014,5810,2
840,14,107,2014,7190,18
840,14,107,2016,5190,10
840,14,107,2016,5810,1
840,14,108,1996,5190,10
840,14,108,1996,5810,11
840,14,108,1996,7190,9
840,14,108,1997,5190,7
840,14,108,1997,5810,8
840,14,108,1997,7190,6
840,14,108,1998,5190,9
840,14,108,1998,5810,7
840,14,108,1998,7190,9
840,14,108,1999,5190,17
840,14,108,1999,5810,17
840,14,108,1999,7190,26
840,14,108,2000,5190,18
840,14,108,2000,5810,20
840,14,108,2000,7190,14
840,14,108,2001,5190,9
840,14,108,2001,5810,10
840,14,108,2001,7190,22
840,14,108,2002,5190,5
840,14,108,2002,5810,16
840,14,108,2002,7190,23
840,14,108,2003,5190,13
840,14,108,2003,5810,13
840,14,108,2003,7190,23
840,14,108,2004,5190,16
840,14,108,2004,5810,8
840,14,108,2004,7190,11
840,14,108,2005,5190,10
840,14,108,2005,5810,13
840,14,108,2005,7190,13
840,14,108,2006,5190,9
840,14,108,2006,5810,19
840,14,108,2006,7190,25
840,14,108,2007,5190,6
840,14,108,2007,5810,8
840,14,108,2007,7190,13
840,14,108,2008,5190,14
840,14,108,2008,5810,11
840,14,108,2008,7190,6
840,14,108,2009,5190,16
840,14,108,2009,5810,7
840,14,108,2009,7190,18
840,14,108,2010,5190,12
840,14,108,2010,5810,8
840,14,108,2010,7190,18
840,14,108,2011,5190,11
840,14,108,2011,5810,5
840,14,108,2011,7190,16
840,14,108,2012,5190,12
840,14,108,2012,5810,7
840,14,108,2012,7190,33
840,14,108,2013,5190,10
840,14,108,2013,5810,8
840,14,108,2013,7190,27
840,14,108,2014,5190,21
840,14,108,2014,5810,7
840,14,108,2014,7190,16
840,14,108,2015,5190,10
840,14,108,2015,5810,6
840,14,108,2015,7190,25
840,14,108,2016,5190,19
840,14,108,2016,5810,3
840,14,108,2016,6810,1
840,14,108,2016,7190,22
840,14,108,2017,5190,12
840,14,108,2017,5810,4
840,14,108,2017,7190,8
840,14,111,1996,5190,3
840,14,111,1996,7190,4
840,14,111,1997,5190,2
840,14,111,1997,7190,1
840,14,111,2013,7190,3
840,14,111,2014,7190,5
840,14,111,2015,5190,2
840,14,111,2015,7190,4
840,14,111,2016,7190,4
840,14,114,1996,5190,20
840,14,114,1996,7190,2
840,14,114,2000,5190,96
840,14,114,2000,5810,46
840,14,114,2000,6810,10
840,14,114,2000,7190,17
840,14,114,2012,5190,131
840,14,114,2012,5810,2
840,14,114,2012,6810,1
840,14,114,2012,7190,4
840,14,114,2013,5190,235
840,14,114,2013,5810,1
840,14,114,2013,6810,1
840,14,114,2013,7190,1
840,14,114,2014,5190,111
840,14,114,2014,5810,19
840,14,114,2014,7190,4
840,14,118,1996,5190,56
840,14,118,1996,5810,2
840,14,118,1996,7190,8
840,14,118,1998,5190,15
840,14,118,1998,5810,10
840,14,118,1998,7190,19
840,14,118,1999,5190,31
840,14,118,1999,5810,1
840,14,118,1999,6810,1
840,14,118,1999,7190,18
840,14,118,2000,5190,36
840,14,118,2000,5810,3
840,14,118,2000,6810,1
840,14,118,2000,7190,6
840,14,118,2001,5190,18
840,14,118,2001,6810,1
840,14,118,2001,7190,1
840,14,118,2003,5190,34
840,14,118,2003,7190,7
840,14,118,2006,5190,22
840,14,118,2006,5810,3
840,14,118,2006,7190,22
840,14,118,2008,5190,117
840,14,118,2008,5810,1
840,14,118,2008,7190,4
840,14,118,2009,5190,100
840,14,118,2009,7190,17
840,14,118,2010,5190,67
840,14,118,2010,5810,3
840,14,118,2010,7190,18
840,14,118,2011,5190,60
840,14,118,2011,5810,5
840,14,118,2011,7190,34
840,14,118,2012,5190,87
840,14,118,2012,5810,2
840,14,118,2012,7190,39
840,14,118,2014,5190,45
840,14,118,2014,7190,23
840,14,118,2015,5190,46
840,14,118,2015,7190,31
840,14,118,2016,5190,22
840,14,118,2016,7190,26
840,14,118,2017,5190,44
840,14,118,2017,7190,37
840,14,119,2010,5190,49
840,14,119,2010,5810,4
840,14,119,2010,6810,2
840,14,119,2010,7190,19
840,14,119,2017,5190,38
840,14,119,2017,5810,2
840,14,119,2017,7190,82
840,14,120,2003,5190,109
840,14,120,2003,5810,20
840,14,120,2003,6810,40
840,14,120,2003,7190,2
840,14,120,2004,5190,48
840,14,120,2004,5810,22
840,14,120,2004,6810,15
840,14,122,2003,5190,22
840,14,122,2003,5810,1
840,14,122,2003,7190,25
840,14,122,2004,5190,9
840,14,122,2004,5810,1
840,14,122,2004,7190,5
840,14,122,2005,5190,23
840,14,122,2005,5810,3
840,14,122,2005,7190,5
840,14,122,2013,5190,38
840,14,122,2013,7190,8
840,14,122,2014,5190,38
840,14,122,2014,7190,1
840,14,122,2016,5190,40
840,14,122,2016,5810,4
840,14,122,2016,7190,44
840,14,122,2017,5190,54
840,14,122,2017,5810,1
840,14,122,2017,6810,1
840,14,122,2017,7190,56
840,14,123,1996,5190,102
840,14,123,1996,5810,1
840,14,123,1996,7190,3
840,14,123,1998,5190,28
840,14,123,1998,5810,1
840,14,123,1998,7190,2
840,14,123,1999,5190,62
840,14,123,1999,5810,4
840,14,123,1999,7190,3
840,14,123,2015,5190,62
840,14,123,2015,6810,2
840,14,123,2015,7190,12
840,14,125,1996,5190,20
840,14,125,1997,5190,10
840,14,125,1999,5190,21
840,14,126,2003,5190,18
840,14,126,2003,5810,5
840,14,126,2003,6810,2
840,14,126,2003,7190,10
840,14,126,2004,5190,41
840,14,126,2004,5810,1
840,14,126,2004,6810,2
840,14,126,2004,7190,8
840,14,127,2011,5190,77
840,14,127,2011,7190,3
840,14,127,2012,5190,83
840,14,127,2013,5190,60
840,14,127,2013,5810,2
840,14,127,2013,7190,4
840,14,127,2014,5190,128
840,14,127,2014,6810,1
840,14,127,2014,7190,4
840,14,127,2015,5190,148
840,14,127,2015,6810,1
840,14,127,2015,7190,1
840,14,127,2016,5190,80
840,14,127,2016,7190,5
840,14,127,2017,5190,60
840,14,127,2017,7190,5
840,14,129,1996,5190,25
840,14,129,1996,7190,18
840,14,129,1997,5190,14
840,14,129,1997,7190,20
840,14,129,1998,5190,13
840,14,129,1998,5810,1
840,14,129,1998,7190,20
840,14,129,1999,5190,17
840,14,129,1999,7190,14
840,14,129,2000,5190,28
840,14,129,2000,7190,5
840,14,129,2001,5190,28
840,14,129,2001,7190,7
840,14,129,2012,5190,7
840,14,129,2012,5810,2
840,14,129,2012,7190,4
840,14,129,2013,5190,9
840,14,129,2013,7190,1
840,14,129,2014,5190,4
840,14,129,2014,5810,2
840,14,129,2014,7190,5
840,14,129,2015,5190,17
840,14,129,2015,7190,4
840,14,129,2016,5190,13
840,14,129,2016,7190,9
840,14,129,2017,5190,22
840,14,129,2017,7190,11
840,14,130,1996,5190,11
840,14,130,1996,7190,4
840,14,130,1997,5190,11
840,14,130,1997,5810,1
840,14,130,1997,7190,9
840,14,130,1998,5190,36
840,14,130,1998,7190,10
840,14,130,1999,5190,14
840,14,130,1999,5810,2
840,14,130,1999,7190,7
840,14,130,2002,5190,36
840,14,130,2002,7190,16
840,14,130,2012,5190,39
840,14,130,2012,5810,1
840,14,130,2012,7190,3
840,14,130,2013,5190,35
840,14,130,2013,7190,1
840,14,130,2014,5190,41
840,14,130,2014,5810,1
840,14,130,2014,7190,3
840,14,130,2015,5190,24
840,14,130,2015,7190,4
840,14,130,2016,5190,23
840,14,130,2016,5810,2
840,14,130,2016,7190,4
840,14,130,2017,5190,15
840,14,130,2017,7190,2
840,14,133,1996,5190,26
840,14,133,1996,5810,10
840,14,133,1996,6810,4
840,14,133,1996,7190,3
840,14,133,2012,5190,76
840,14,133,2012,5810,12
840,14,133,2012,7190,15
840,14,133,2013,5190,90
840,14,133,2013,5810,10
840,14,133,2013,7190,8
840,14,133,2014,5190,81
840,14,133,2014,5810,18
840,14,133,2014,7190,12
840,14,133,2015,5190,54
840,14,133,2015,5810,5
840,14,133,2015,6810,2
840,14,133,2015,7190,7
840,14,133,2016,5190,76
840,14,133,2016,5810,6
840,14,133,2016,6810,3
840,14,133,2016,7190,13
840,14,134,1996,5190,173
840,14,134,1996,7190,5
840,14,134,1997,5190,41
840,14,134,1997,7190,8
840,14,134,1998,5190,22
840,14,134,1998,7190,15
840,14,134,1999,5190,64
840,14,134,1999,7190,7
840,14,134,2001,5190,46
840,14,134,2001,7190,4
840,14,134,2002,5190,54
840,14,134,2002,7190,4
840,14,136,1996,5190,10
840,14,136,1996,7190,31
840,14,136,1997,5190,11
840,14,136,1997,7190,63
840,14,136,1999,5190,13
840,14,136,1999,5810,1
840,14,136,1999,7190,58
840,14,136,2001,5190,4
840,14,136,2001,7190,18
840,14,136,2003,5190,8
840,14,136,2003,5810,2
840,14,136,2003,7190,75
840,14,136,2012,5190,11
840,14,136,2012,7190,33
840,14,136,2013,5190,14
840,14,136,2013,7190,23
840,14,136,2014,5190,7
840,14,136,2014,7190,36
840,14,136,2016,5190,6
840,14,136,2016,7190,15
840,14,137,1996,5190,39
840,14,137,1996,7190,6
840,14,137,1997,5190,32
840,14,137,1998,5190,50
840,14,137,1998,5810,7
840,14,137,1999,5190,24
840,14,137,1999,5810,3
840,14,137,1999,7190,10
840,14,137,2000,5190,12
840,14,137,2000,5810,5
840,14,137,2000,7190,3
840,14,137,2001,5190,26
840,14,137,2001,5810,1
840,14,137,2001,7190,4
840,14,137,2003,5190,59
840,14,137,2003,5810,2
840,14,137,2003,7190,1
840,14,137,2004,5190,95
840,14,137,2004,7190,5
840,14,137,2005,5190,83
840,14,137,2005,7190,7
840,14,137,2006,5190,98
840,14,137,2006,7190,9
840,14,137,2007,5190,105
840,14,137,2007,7190,3
840,14,137,2008,5190,69
840,14,137,2009,5190,103
840,14,137,2012,5190,62
840,14,137,2012,6810,1
840,14,137,2012,7190,29
840,14,137,2013,5190,56
840,14,137,2013,5810,2
840,14,137,2013,7190,26
840,14,137,2014,5190,52
840,14,137,2014,5810,1
840,14,137,2014,7190,32
840,14,137,2015,5190,44
840,14,137,2015,5810,1
840,14,137,2015,7190,37
840,14,137,2016,5190,46
840,14,137,2016,7190,31
840,14,137,2017,5190,36
840,14,137,2017,6810,1
840,14,137,2017,7190,29
840,14,138,1996,5190,14
840,14,138,1996,5810,9
840,14,138,1997,5190,16
840,14,138,1997,5810,9
840,14,138,1997,6810,2
840,14,138,1997,7190,3
840,14,138,1998,5190,12
840,14,138,1998,5810,18
840,14,138,1998,7190,2
840,14,138,1999,5190,2
840,14,138,1999,5810,24
840,14,138,1999,6810,4
840,14,138,2001,5190,13
840,14,138,2001,5810,10
840,14,138,2001,6810,1
840,14,138,2001,7190,4
840,14,138,2002,5190,14
840,14,138,2002,5810,3
840,14,138,2003,5190,27
840,14,138,2003,5810,14
840,14,138,2004,5190,43
840,14,138,2004,5810,4
840,14,138,2005,5190,17
840,14,138,2005,5810,8
840,14,138,2005,6810,2
840,14,138,2005,7190,2
840,14,138,2006,5190,3
840,14,138,2006,5810,18
840,14,138,2006,7190,2
840,14,138,2007,5190,16
840,14,138,2007,5810,4
840,14,138,2007,7190,1
840,14,138,2008,5190,2
840,14,138,2008,5810,3
840,14,138,2009,5190,24
840,14,138,2009,5810,3
840,14,138,2010,5190,14
840,14,138,2010,5810,2
840,14,138,2011,5190,4
840,14,138,2011,5810,15
840,14,138,2011,6810,4
840,14,138,2012,5190,6
840,14,138,2012,5810,1
840,14,138,2013,5190,4
840,14,138,2013,5810,1
840,14,138,2014,5190,36
840,14,138,2014,5810,2
840,14,138,2015,5190,25
840,14,138,2015,5810,1
840,14,138,2015,7190,1
840,14,138,2016,5190,17
840,14,138,2016,7190,1
840,14,138,2017,5190,25
840,14,138,2017,5810,2
840,14,138,2017,7190,5
840,14,140,1998,5190,3
840,14,140,1999,5190,1
840,14,140,2001,5190,1
840,14,140,2002,5190,6
840,14,140,2003,5190,4
840,14,140,2004,5190,4
840,14,140,2006,5190,3
840,14,140,2007,5190,3
840,14,140,2008,5190,2
840,14,140,2009,5190,8
840,14,140,2010,5190,3
840,14,140,2011,5190,1
840,14,140,2013,5190,2
840,14,140,2014,5190,13
840,14,142,2005,5190,8
840,14,142,2005,5810,1
840,14,142,2005,7190,4
840,14,142,2006,5190,2
840,14,142,2006,7190,5
840,14,142,2007,5190,14
840,14,142,2007,7190,9
840,14,142,2008,5190,5
840,14,142,2008,7190,2
840,14,142,2009,5190,8
840,14,142,2009,5810,1
840,14,142,2009,7190,11
840,14,142,2010,5190,5
840,14,142,2010,5810,1
840,14,142,2010,7190,10
840,14,142,2011,5190,2
840,14,142,2011,7190,11
840,14,142,2012,5190,5
840,14,142,2012,7190,11
840,14,142,2013,5190,3
840,14,142,2013,7190,1
840,14,142,2014,5190,4
840,14,142,2014,7190,2
840,14,142,2015,5190,6
840,14,142,2015,7190,4
840,14,147,1996,5190,103
840,14,147,1996,5810,5
840,14,147,1997,5190,157
840,14,147,1997,5810,4
840,14,147,1999,5190,107
840,14,147,1999,5810,10
840,14,147,2012,5190,63
840,14,147,2013,5190,60
840,14,147,2014,5190,63
840,14,147,2015,5190,42
840,14,147,2016,5190,65
840,14,147,2017,5190,70
840,14,148,1996,5190,45
840,14,148,1997,5190,7
840,14,148,1998,5190,50
840,14,148,1998,6810,1
840,14,148,1999,5190,63
840,14,148,2000,5190,38
840,14,148,2002,5190,27
840,14,148,2003,5190,24
840,14,148,2003,6810,2
840,14,148,2004,5190,18
840,14,148,2004,6810,1
840,14,148,2005,5190,16
840,14,148,2005,5810,1
840,14,148,2005,6810,1
840,14,148,2006,5190,19
840,14,148,2006,6810,1
840,14,148,2007,5190,38
840,14,148,2008,5190,31
840,14,148,2008,6810,1
840,14,148,2009,5190,31
840,14,148,2015,5190,42
840,14,148,2015,6810,1
840,14,148,2015,7190,1
840,14,148,2017,5190,23
840,14,148,2017,6810,2
840,14,149,2003,5190,113
840,14,149,2003,5810,2
840,14,149,2003,6810,1
840,14,149,2004,5190,39
840,14,149,2004,5810,2
840,14,149,2004,6810,2
840,14,149,2007,5190,14
840,14,149,2007,5810,1
840,14,149,2012,5190,47
840,14,149,2012,5810,3
840,14,153,1996,5190,74
840,14,153,1996,5810,2
840,14,153,1996,7190,11
840,14,153,1997,5190,64
840,14,153,1997,5810,1
840,14,153,1997,7190,18
840,14,153,1998,5190,80
840,14,153,1998,7190,17
840,14,153,1999,5190,71
840,14,153,1999,5810,1
840,14,153,1999,7190,20
840,14,153,2000,5190,78
840,14,153,2000,5810,2
840,14,153,2000,7190,17
840,14,153,2001,5190,42
840,14,153,2001,7190,21
840,14,153,2002,5190,61
840,14,153,2002,5810,4
840,14,153,2002,7190,19
840,14,153,2003,5190,55
840,14,153,2003,5810,4
840,14,153,2003,7190,20
840,14,153,2004,5190,91
840,14,153,2004,5810,2
840,14,153,2004,7190,12
840,14,153,2005,5190,48
840,14,153,2005,5810,3
840,14,153,2005,7190,10
840,14,153,2006,5190,48
840,14,153,2006,5810,3
840,14,153,2006,7190,9
840,14,153,2007,5190,41
840,14,153,2007,5810,1
840,14,153,2007,7190,11
840,14,153,2008,5190,78
840,14,153,2008,5810,1
840,14,153,2008,7190,16
840,14,153,2009,5190,86
840,14,153,2009,5810,2
840,14,153,2009,7190,14
840,14,153,2010,5190,60
840,14,153,2010,5810,1
840,14,153,2010,7190,13
840,14,153,2011,5190,81
840,14,153,2011,5810,3
840,14,153,2011,7190,13
840,14,153,2012,5190,74
840,14,153,2012,5810,2
840,14,153,2012,7190,14
840,14,153,2013,5190,63
840,14,153,2013,7190,11
840,14,153,2014,5190,78
840,14,153,2014,7190,1
840,14,153,2015,5190,78
840,14,153,2015,5810,2
840,14,153,2015,7190,5
840,14,153,2016,5190,41
840,14,153,2016,5810,1
840,14,153,2016,7190,9
840,14,153,2017,5190,49
840,14,153,2017,7190,3
840,14,155,1996,5190,189
840,14,155,1996,5810,8
840,14,155,1996,6810,2
840,14,155,1996,7190,2
840,14,155,1997,5190,202
840,14,155,1997,5810,5
840,14,155,1997,6810,1
840,14,155,1997,7190,1
840,14,155,1998,5190,152
840,14,155,1998,5810,6
840,14,155,1998,6810,1
840,14,155,1998,7190,3
840,14,155,1999,5190,159
840,14,155,1999,5810,7
840,14,155,2000,5190,185
840,14,155,2000,5810,5
840,14,155,2000,7190,1
840,14,155,2001,5190,124
840,14,155,2001,5810,8
840,14,155,2002,5190,96
840,14,155,2002,5810,6
840,14,155,2002,6810,2
840,14,155,2002,7190,1
840,14,155,2003,5190,114
840,14,155,2003,5810,9
840,14,155,2003,6810,1
840,14,155,2003,7190,1
840,14,155,2004,5190,108
840,14,155,2004,5810,9
840,14,155,2004,6810,1
840,14,155,2005,5190,82
840,14,155,2005,5810,10
840,14,155,2005,7190,1
840,14,155,2006,5190,112
840,14,155,2006,5810,7
840,14,155,2007,5190,99
840,14,155,2007,5810,5
840,14,155,2008,5190,101
840,14,155,2008,5810,4
840,14,155,2009,5190,124
840,14,155,2009,5810,5
840,14,155,2009,7190,2
840,14,155,2010,5190,67
840,14,155,2010,5810,5
840,14,155,2010,7190,1
840,14,155,2011,5190,127
840,14,155,2011,5810,15
840,14,155,2011,7190,1
840,14,155,2012,5190,108
840,14,155,2012,5810,6
840,14,155,2013,5190,121
840,14,155,2013,5810,6
840,14,155,2014,5190,163
840,14,155,2014,5810,4
840,14,155,2015,5190,116
840,14,155,2015,5810,7
840,14,155,2015,7190,2
840,14,155,2016,5190,136
840,14,155,2016,5810,8
840,14,155,2017,5190,136
840,14,155,2017,5810,7
840,14,155,2017,6810,1
840,14,159,1996,5190,202
840,14,159,1997,5190,211
840,14,159,1998,5190,187
840,14,159,1998,5810,1
840,14,159,1999,5190,169
840,14,159,1999,7190,1
840,14,159,2000,5190,153
840,14,159,2001,5190,122
840,14,159,2001,7190,1
840,14,159,2002,5190,63
840,14,159,2003,5190,89
840,14,159,2004,5190,76
840,14,159,2005,5190,151
840,14,159,2006,5190,180
840,14,159,2007,5190,161
840,14,159,2008,5190,190
840,14,159,2009,5190,149
840,14,159,2009,7190,2
840,14,159,2010,5190,193
840,14,159,2011,5190,160
840,14,159,2012,5190,193
840,14,159,2013,5190,154
840,14,161,1996,5190,7
840,14,161,1996,7190,15
840,14,161,1997,5190,8
840,14,161,1997,7190,13
840,14,161,1998,5190,4
840,14,161,1998,7190,15
840,14,161,2005,5190,2
840,14,161,2005,7190,12
840,14,161,2010,5810,1
840,14,161,2010,7190,6
840,14,161,2011,5190,1
840,14,161,2011,7190,20
840,14,161,2012,5190,6
840,14,161,2012,7190,17
840,14,161,2013,5190,6
840,14,161,2013,7190,8
840,14,161,2014,5190,8
840,14,161,2014,7190,13
840,14,161,2015,7190,9
840,14,161,2016,5190,3
840,14,161,2016,7190,12
840,14,161,2017,5190,1
840,14,161,2017,7190,17
840,14,171,1996,5190,53
840,14,171,1996,5810,12
840,14,171,1997,5190,49
840,14,171,1997,5810,3
840,14,171,1998,5190,103
840,14,171,1998,5810,13
840,14,171,2000,5190,109
840,14,171,2000,5810,7
840,14,171,2001,5190,146
840,14,171,2001,5810,12
840,14,171,2003,5190,93
840,14,171,2003,5810,3
840,14,171,2004,5190,94
840,14,171,2004,5810,6
840,14,172,1998,5190,60
840,14,172,1998,5810,21
840,14,172,1998,7190,41
840,14,172,1999,5190,76
840,14,172,1999,5810,18
840,14,172,1999,7190,37
840,14,172,2000,5190,43
840,14,172,2000,5810,23
840,14,172,2000,7190,12
840,14,172,2001,5190,59
840,14,172,2001,5810,31
840,14,172,2001,7190,15
840,14,172,2002,5190,77
840,14,172,2002,5810,21
840,14,172,2002,7190,17
840,14,172,2004,5190,85
840,14,172,2004,5810,11
840,14,172,2004,7190,24
840,14,172,2005,5190,74
840,14,172,2005,5810,25
840,14,172,2005,7190,29
840,14,172,2009,5190,55
840,14,172,2009,5810,13
840,14,172,2009,7190,6
840,14,172,2010,5190,96
840,14,172,2010,5810,10
840,14,172,2010,7190,8
840,14,172,2011,5190,56
840,14,172,2011,5810,5
840,14,172,2011,7190,7
840,14,172,2014,5190,92
840,14,172,2014,5810,6
840,14,172,2014,6810,1
840,14,172,2014,7190,13
840,14,172,2015,5190,64
840,14,172,2015,5810,2
840,14,172,2015,7190,7
840,14,172,2016,5190,40
840,14,172,2016,5810,1
840,14,172,2016,7190,17
840,14,172,2017,5190,23
840,14,172,2017,5810,1
840,14,172,2017,7190,10
840,14,173,1996,5190,136
840,14,173,1996,5810,9
840,14,173,1996,7190,1
840,14,173,1997,5190,155
840,14,173,1997,5810,6
840,14,173,1997,7190,1
840,14,173,1999,5190,196
840,14,173,1999,5810,6
840,14,173,1999,7190,1
840,14,173,2000,5190,94
840,14,173,2000,5810,4
840,14,173,2000,6810,1
840,14,173,2000,7190,1
840,14,173,2001,5190,118
840,14,173,2001,5810,10
840,14,173,2001,7190,2
840,14,173,2002,5190,98
840,14,173,2002,5810,6
840,14,173,2002,6810,1
840,14,173,2003,5190,126
840,14,173,2003,5810,10
840,14,173,2003,6810,1
840,14,173,2004,5190,166
840,14,173,2004,5810,11
840,14,173,2004,6810,1
840,14,173,2004,7190,2
840,14,173,2005,5190,66
840,14,173,2005,5810,2
840,14,173,2005,6810,3
840,14,173,2005,7190,1
840,14,173,2011,5190,23
840,14,173,2011,5810,4
840,14,173,2011,6810,1
840,14,173,2011,7190,6
840,14,173,2012,5190,33
840,14,173,2012,5810,9
840,14,173,2012,6810,1
840,14,173,2012,7190,6
840,14,173,2013,5190,72
840,14,173,2013,5810,5
840,14,173,2013,6810,1
840,14,173,2013,7190,5
840,14,173,2014,5190,68
840,14,173,2014,5810,3
840,14,173,2014,7190,4
840,14,173,2015,5190,95
840,14,173,2015,5810,6
840,14,173,2015,7190,4
840,14,173,2016,5190,65
840,14,173,2016,5810,13
840,14,173,2017,5190,125
840,14,173,2017,5810,11
840,14,173,2017,7190,6
840,14,179,1996,5190,32
840,14,179,1996,7190,24
840,14,179,1997,5190,44
840,14,179,1997,7190,25
840,14,179,1998,5190,56
840,14,179,1998,7190,19
840,14,179,1999,5190,32
840,14,179,1999,7190,22
840,14,179,2000,5190,26
840,14,179,2000,7190,17
840,14,179,2001,5190,35
840,14,179,2001,7190,14
840,14,179,2002,5190,47
840,14,179,2002,5540,1
840,14,179,2002,7190,10
840,14,179,2003,5190,17
840,14,179,2003,7190,10
840,14,179,2005,5190,22
840,14,179,2005,7190,14
840,14,179,2006,5190,20
840,14,179,2006,7190,11
840,14,179,2007,5190,16
840,14,179,2007,6810,3
840,14,179,2007,7190,13
840,14,179,2008,5190,31
840,14,179,2008,7190,10
840,14,179,2009,5190,26
840,14,179,2009,7190,9
840,14,179,2010,5190,17
840,14,179,2010,6810,1
840,14,179,2010,7190,13
840,14,179,2011,5190,12
840,14,179,2011,7190,12
840,14,179,2012,5190,26
840,14,179,2012,7190,14
840,14,179,2013,5190,21
840,14,179,2013,7190,20
840,14,179,2014,5190,14
840,14,179,2014,7190,6
840,14,179,2015,5190,30
840,14,179,2015,7190,10
840,14,179,2016,5190,19
840,14,179,2016,7190,7
840,14,179,2017,5190,14
840,14,179,2017,7190,16
840,14,183,2002,5190,12
840,14,183,2002,7190,3
840,14,183,2003,5190,8
840,14,183,2003,7190,8
840,14,183,2004,5190,4
840,14,183,2004,7190,4
840,14,183,2005,5190,3
840,14,183,2005,7190,12
840,14,183,2006,5810,1
840,14,183,2006,7190,14
840,14,183,2013,5190,5
840,14,183,2013,5810,2
840,14,183,2013,7190,14
840,14,183,2014,5190,8
840,14,183,2014,5810,1
840,14,183,2014,7190,8
840,14,183,2015,5190,11
840,14,183,2015,7190,15
840,14,183,2016,5190,12
840,14,183,2016,5810,1
840,14,183,2016,7190,10
840,14,183,2017,5190,13
840,14,183,2017,5810,3
840,14,183,2017,7190,5
840,14,186,1996,5190,60
840,14,186,1996,5810,15
840,14,186,1996,6810,1
840,14,186,1996,7190,2
840,14,186,1997,5190,61
840,14,186,1997,5810,8
840,14,186,1997,7190,5
840,14,186,1998,5190,40
840,14,186,1998,5810,14
840,14,186,1998,6810,1
840,14,186,1998,7190,4
840,14,186,1999,5190,25
840,14,186,1999,5810,12
840,14,186,1999,6810,2
840,14,186,1999,7190,4
840,14,186,2000,5190,39
840,14,186,2000,5810,11
840,14,186,2000,7190,2
840,14,186,2001,5190,50
840,14,186,2001,5810,9
840,14,186,2001,7190,2
840,14,186,2002,5190,55
840,14,186,2002,5810,17
840,14,186,2002,7190,1
840,14,186,2003,5190,45
840,14,186,2003,5810,16
840,14,186,2003,7190,3
840,14,186,2004,5190,39
840,14,186,2004,5810,13
840,14,186,2004,6810,1
840,14,186,2004,7190,1
840,14,186,2005,5190,57
840,14,186,2005,5810,7
840,14,186,2005,7190,3
840,14,186,2006,5190,25
840,14,186,2006,5810,11
840,14,186,2006,7190,3
840,14,186,2007,5190,64
840,14,186,2007,5810,14
840,14,186,2007,6810,1
840,14,186,2007,7190,3
840,14,186,2008,5190,37
840,14,186,2008,5810,7
840,14,186,2009,5190,49
840,14,186,2009,5810,10
840,14,186,2009,7190,2
840,14,186,2010,5190,50
840,14,186,2010,5810,11
840,14,186,2010,7190,4
840,14,186,2011,5190,40
840,14,186,2011,5810,19
840,14,186,2011,7190,5
840,14,186,2012,5190,47
840,14,186,2012,5810,13
840,14,186,2012,7190,2
840,14,186,2013,5190,44
840,14,186,2013,5810,9
840,14,186,2013,7190,5
840,14,186,2014,5190,37
840,14,186,2014,5810,11
840,14,186,2014,6810,1
840,14,186,2014,7190,6
840,14,186,2015,5190,31
840,14,186,2015,5810,10
840,14,186,2015,7190,5
840,14,186,2016,5190,25
840,14,186,2016,5810,10
840,14,186,2016,7190,9
840,14,186,2017,5190,21
840,14,186,2017,5810,12
840,14,186,2017,7190,3
840,14,187,2003,5190,26
840,14,187,2003,5810,4
840,14,187,2004,5190,27
840,14,187,2004,5810,3
840,14,187,2008,5190,26
840,14,187,2008,5810,2
840,14,187,2009,5190,36
840,14,187,2017,5190,12
840,14,187,2017,5810,2
840,14,189,1996,5190,62
840,14,189,1996,5810,16
840,14,189,1996,7190,15
840,14,189,1997,5190,53
840,14,189,1997,5810,14
840,14,189,1997,7190,13
840,14,189,1998,5190,47
840,14,189,1998,5810,13
840,14,189,1998,7190,18
840,14,189,1999,5190,46
840,14,189,1999,5810,19
840,14,189,1999,6810,1
840,14,189,1999,7190,12
840,14,189,2000,5190,51
840,14,189,2000,5810,13
840,14,189,2000,7190,13
840,14,189,2001,5190,64
840,14,189,2001,5810,13
840,14,189,2001,6810,1
840,14,189,2001,7190,10
840,14,189,2002,5190,72
840,14,189,2002,5810,12
840,14,189,2002,6810,1
840,14,189,2002,7190,11
840,14,189,2003,5190,61
840,14,189,2003,5810,18
840,14,189,2003,7190,20
840,14,189,2004,5190,90
840,14,189,2004,5810,13
840,14,189,2004,7190,19
840,14,189,2005,5190,55
840,14,189,2005,5810,14
840,14,189,2005,6810,1
840,14,189,2005,7190,23
840,14,189,2006,5190,59
840,14,189,2006,5810,13
840,14,189,2006,6810,2
840,14,189,2006,7190,21
840,14,189,2007,5190,97
840,14,189,2007,5810,12
840,14,189,2007,6810,1
840,14,189,2007,7190,11
840,14,189,2008,5190,65
840,14,189,2008,5810,11
840,14,189,2008,6810,1
840,14,189,2008,7190,7
840,14,189,2009,5190,108
840,14,189,2009,5810,18
840,14,189,2009,7190,5
840,14,189,2010,5190,69
840,14,189,2010,5810,17
840,14,189,2010,6810,1
840,14,189,2010,7190,16
840,14,189,2011,5190,64
840,14,189,2011,5810,17
840,14,189,2011,7190,9
840,14,189,2012,5190,68
840,14,189,2012,5810,24
840,14,189,2012,7190,15
840,14,189,2013,5190,65
840,14,189,2013,5810,20
840,14,189,2013,6810,1
840,14,189,2013,7190,8
840,14,189,2014,5190,78
840,14,189,2014,5810,21
840,14,189,2014,6810,2
840,14,189,2014,7190,14
840,14,189,2015,5190,56
840,14,189,2015,5810,19
840,14,189,2015,6810,1
840,14,189,2015,7190,12
840,14,189,2016,5190,49
840,14,189,2016,5810,19
840,14,189,2016,6810,1
840,14,189,2016,7190,24
840,14,190,1997,5190,99
840,14,190,1997,7190,12
840,14,190,1998,5190,135
840,14,190,1998,7190,17
840,14,190,1999,5190,110
840,14,190,1999,6810,1
840,14,190,1999,7190,12
840,14,190,2000,5190,104
840,14,190,2000,7190,10
840,14,190,2001,5190,74
840,14,190,2001,5810,1
840,14,190,2001,7190,9
840,14,190,2002,5190,52
840,14,190,2002,7190,8
840,14,190,2003,5190,85
840,14,190,2003,7190,11
840,14,190,2004,5190,80
840,14,190,2004,7190,6
840,14,190,2005,5190,76
840,14,190,2005,7190,3
840,14,190,2006,5190,78
840,14,190,2006,7190,17
840,14,190,2007,5190,50
840,14,190,2007,7190,13
840,14,190,2008,5190,86
840,14,190,2008,7190,9
840,14,190,2009,5190,42
840,14,190,2009,7190,6
840,14,190,2010,5190,82
840,14,190,2010,5810,1
840,14,190,2010,7190,6
840,14,190,2011,5190,68
840,14,190,2011,7190,11
840,14,190,2012,5190,85
840,14,190,2012,7190,5
840,14,190,2013,5190,90
840,14,190,2013,7190,3
840,14,190,2014,5190,59
840,14,190,2014,7190,4
840,14,190,2015,5190,79
840,14,190,2015,7190,5
840,14,190,2016,5190,58
840,14,190,2016,7190,2
840,14,190,2017,5190,45
840,14,190,2017,5810,1
840,14,190,2017,7190,4
840,14,191,1996,5190,71
840,14,191,1996,7190,1
840,14,191,1997,5190,63
840,14,191,1997,5540,1
840,14,191,1997,7190,6
840,14,191,1998,5190,51
840,14,191,1998,5810,1
840,14,191,1998,7190,2
840,14,191,1999,5190,54
840,14,191,1999,7190,3
840,14,191,2000,5190,107
840,14,191,2000,7190,3
840,14,191,2001,5190,26
840,14,191,2002,5190,53
840,14,191,2002,7190,3
840,14,191,2003,5190,46
840,14,191,2003,7190,3
840,14,191,2005,5190,125
840,14,191,2005,7190,5
840,14,191,2006,5190,101
840,14,191,2006,7190,9
840,14,191,2007,5190,124
840,14,191,2007,7190,9
840,14,191,2008,5190,87
840,14,191,2008,6810,1
840,14,191,2008,7190,14
840,14,191,2009,5190,112
840,14,191,2009,7190,15
840,14,191,2011,5190,46
840,14,191,2011,7190,5
840,14,191,2015,5190,83
840,14,191,2015,7190,1
840,14,191,2016,5190,55
840,14,191,2016,7190,1
840,14,191,2017,5190,69
840,14,191,2017,7190,3
840,14,194,2002,5190,8
840,14,194,2002,5810,2
840,14,194,2002,7190,8
840,14,194,2003,5190,3
840,14,194,2003,7190,14
840,14,194,2004,5190,5
840,14,194,2004,7190,13
840,14,194,2005,5190,7
840,14,194,2005,7190,13
840,14,194,2006,5190,7
840,14,194,2006,7190,13
840,14,194,2007,5190,15
840,14,194,2007,7190,13
840,14,194,2008,5190,9
840,14,194,2008,7190,10
840,14,194,2009,5190,11
840,14,194,2009,7190,4
840,14,194,2010,5190,5
840,14,194,2010,7190,5
840,14,194,2011,5190,9
840,14,194,2011,7190,7
840,14,194,2012,5190,3
840,14,194,2012,7190,10
840,14,194,2013,5190,12
840,14,194,2013,7190,3
840,14,194,2014,5190,9
840,14,194,2014,5810,1
840,14,194,2014,7190,9
840,14,194,2015,5190,3
840,14,194,2015,7190,9
840,14,194,2016,5190,5
840,14,194,2016,7190,11
840,14,194,2017,5190,8
840,14,194,2017,7190,10
840,14,195,1996,5190,122
840,14,195,1996,5810,12
840,14,195,1996,7190,6
840,14,195,1997,5190,97
840,14,195,1997,5810,2
840,14,195,1997,7190,13
840,14,195,2005,5190,166
840,14,195,2005,5810,8
840,14,195,2005,7190,6
840,14,195,2006,5190,86
840,14,195,2006,5810,4
840,14,195,2006,7190,8
840,14,195,2007,5190,111
840,14,195,2007,5810,11
840,14,195,2007,6810,1
840,14,195,2007,7190,3
840,14,195,2008,5190,142
840,14,195,2008,5810,2
840,14,195,2008,7190,7
840,14,195,2009,5190,144
840,14,195,2009,5810,8
840,14,195,2009,7190,3
840,14,195,2012,5190,100
840,14,195,2012,5810,1
840,14,195,2012,6810,1
840,14,195,2012,7190,4
840,14,195,2013,5190,57
840,14,195,2013,5810,2
840,14,195,2013,6810,2
840,14,195,2014,5190,123
840,14,195,2014,5810,3
840,14,195,2014,6810,1
840,14,195,2014,7190,11
840,14,195,2015,5190,147
840,14,195,2015,5810,5
840,14,195,2015,6810,1
840,14,195,2015,7190,19
840,14,195,2016,5190,132
840,14,195,2016,5810,6
840,14,195,2016,6810,3
840,14,195,2016,7190,12
840,14,195,2017,5190,85
840,14,195,2017,5810,3
840,14,195,2017,7190,20
840,14,197,1996,5190,40
840,14,197,1997,5190,85
840,14,202,1996,5190,8
840,14,202,1996,5810,2
840,14,202,1996,7190,4
840,14,202,1997,5190,4
840,14,202,1997,5810,2
840,14,202,1997,7190,4
840,14,202,2001,5190,18
840,14,202,2001,7190,1
840,14,202,2002,5190,24
840,14,202,2002,5810,6
840,14,202,2002,7190,3
840,14,202,2003,5190,10
840,14,202,2003,5810,2
840,14,202,2003,7190,5
840,14,202,2004,5190,34
840,14,202,2004,5810,2
840,14,202,2004,7190,5
840,14,204,2003,5190,136
840,14,204,2003,7190,2
840,14,204,2004,5190,98
840,14,204,2007,5190,50
840,14,204,2007,5810,1
840,14,207,2017,5190,5
840,14,207,2017,5810,3
840,14,220,2006,5190,3
840,14,220,2006,5810,11
840,14,220,2006,6810,10
840,14,220,2006,7190,1
840,14,220,2007,5190,46
840,14,220,2007,5810,2
840,14,220,2007,6810,8
840,14,220,2007,7190,2
840,14,220,2008,5190,33
840,14,220,2008,5810,3
840,14,220,2008,6810,9
840,14,220,2008,7190,1
840,14,220,2009,5190,31
840,14,220,2009,5810,3
840,14,220,2009,6810,7
840,14,220,2009,7190,6
840,14,220,2015,5190,57
840,14,220,2015,5810,14
840,14,220,2015,6810,14
840,14,220,2015,7190,40
840,14,220,2016,5190,36
840,14,220,2016,5810,2
840,14,220,2016,6810,2
840,14,220,2016,7190,26
840,14,220,2017,5190,39
840,14,220,2017,5810,2
840,14,220,2017,6810,7
840,14,220,2017,7190,14
840,14,221,1996,5190,29
840,14,221,1996,7190,12
840,14,221,1997,5190,36
840,14,221,1997,5810,2
840,14,221,1997,7190,9
840,14,221,1999,5190,19
840,14,221,1999,5810,5
840,14,221,1999,6810,2
840,14,221,1999,7190,9
840,14,221,2000,5190,52
840,14,221,2000,5810,4
840,14,221,2000,6810,3
840,14,221,2000,7190,19
840,14,221,2003,5190,25
840,14,221,2003,6810,2
840,14,221,2003,7190,5
840,14,221,2005,5190,25
840,14,221,2005,5810,1
840,14,221,2005,7190,24
840,14,221,2006,5190,35
840,14,221,2006,5810,2
840,14,221,2006,7190,13
840,14,221,2007,5190,30
840,14,221,2007,5810,2
840,14,221,2007,7190,5
840,14,221,2008,5190,11
840,14,221,2008,7190,6
840,14,221,2009,5190,15
840,14,221,2009,7190,4
840,14,221,2010,5190,11
840,14,221,2010,5810,2
840,14,221,2010,6810,2
840,14,221,2010,7190,1
840,14,221,2011,5190,42
840,14,221,2011,7190,11
840,14,221,2012,5190,39
840,14,221,2012,5810,4
840,14,221,2012,7190,3
840,14,221,2013,5190,34
840,14,221,2013,5810,6
840,14,221,2013,7190,4
840,14,221,2014,5190,19
840,14,221,2014,5810,1
840,14,221,2014,7190,11
840,14,221,2015,5190,9
840,14,221,2015,5810,1
840,14,221,2015,6810,1
840,14,221,2015,7190,6
840,14,221,2016,5190,7
840,14,221,2016,5810,1
840,14,221,2016,7190,11
840,14,221,2017,5190,6
840,14,221,2017,7190,2
840,14,225,2005,5190,85
840,14,225,2005,5810,3
840,14,225,2005,6810,1
840,14,225,2005,7190,29
840,14,225,2006,5190,85
840,14,225,2006,5810,3
840,14,225,2006,7190,16
840,14,225,2007,5190,75
840,14,225,2007,5810,5
840,14,225,2007,7190,16
840,14,225,2008,5190,72
840,14,225,2008,5810,1
840,14,225,2008,7190,11
840,14,225,2009,5190,189
840,14,225,2009,7190,27
840,14,225,2010,5190,101
840,14,225,2010,7190,21
840,14,225,2011,5190,153
840,14,225,2011,5810,1
840,14,225,2011,7190,27
840,14,226,2005,5190,20
840,14,226,2005,5810,2
840,14,226,2005,6810,2
840,14,226,2005,7190,26
840,14,226,2006,5190,29
840,14,226,2006,5810,1
840,14,226,2006,6810,1
840,14,226,2006,7190,29
840,14,226,2007,5190,40
840,14,226,2007,5810,2
840,14,226,2007,6810,1
840,14,226,2007,7190,11
840,14,226,2008,5190,25
840,14,226,2008,5810,1
840,14,226,2008,7190,6
840,14,226,2009,5190,45
840,14,226,2009,5810,2
840,14,226,2009,6810,2
840,14,226,2009,7190,17
840,14,226,2010,5190,29
840,14,226,2010,5810,4
840,14,226,2010,7190,13
840,14,226,2011,5190,34
840,14,226,2011,7190,20
840,14,226,2012,5190,41
840,14,226,2012,5810,1
840,14,226,2012,7190,22
840,14,226,2013,5190,31
840,14,226,2013,5810,1
840,14,226,2013,7190,13
840,14,226,2014,5190,35
840,14,226,2014,5810,1
840,14,226,2014,6810,2
840,14,226,2014,7190,12
840,14,226,2015,5190,24
840,14,226,2015,5810,1
840,14,226,2015,6810,1
840,14,226,2015,7190,20
840,14,226,2016,5190,32
840,14,226,2016,5810,1
840,14,226,2016,7190,20
840,14,226,2017,5190,39
840,14,226,2017,6810,3
840,14,226,2017,7190,22
840,14,245,1996,5190,118
840,14,245,1996,5810,2
840,14,245,1997,5190,132
840,14,245,1997,5810,4
840,14,245,1999,5190,178
840,14,245,1999,5810,12
840,14,245,2017,5190,32
840,14,245,2017,7190,1
840,14,252,2012,5190,71
840,14,252,2012,5810,1
840,14,252,2013,5190,50
840,14,252,2013,5810,6
840,14,252,2013,7190,2
840,14,252,2014,5190,103
840,14,252,2014,5810,4
840,14,252,2015,5190,105
840,14,252,2015,5810,1
840,14,252,2015,7190,2
840,14,252,2016,5190,103
840,14,252,2016,5810,2
840,14,252,2017,5190,81
840,14,252,2017,5810,5
840,14,252,2017,7190,2
840,14,302,2005,5190,16
840,14,302,2005,5810,3
840,14,302,2005,7190,5
840,14,302,2006,5190,16
840,14,302,2006,7190,12
840,14,302,2007,5190,23
840,14,302,2007,5810,4
840,14,302,2007,7190,3
840,14,302,2008,5190,45
840,14,302,2008,5810,2
840,14,302,2008,7190,2
840,14,302,2009,5190,23
840,14,302,2009,5810,3
840,14,302,2009,7190,2
840,14,302,2010,5190,28
840,14,302,2010,7190,8
840,14,302,2011,5190,34
840,14,302,2011,7190,7
840,14,302,2012,5190,24
840,14,302,2012,7190,3
840,14,302,2013,5190,55
840,14,302,2013,5810,2
840,14,302,2013,7190,4
840,14,302,2014,5190,25
840,14,302,2014,5810,2
840,14,302,2014,7190,1
840,14,302,2015,5190,49
840,14,302,2015,7190,7
840,14,302,2016,5190,21
840,14,302,2016,5810,1
840,14,302,2016,7190,9
840,14,303,1996,5190,85
840,14,303,1996,5810,2
840,14,303,1996,7190,4
840,14,303,1997,5190,93
840,14,303,1997,7190,2
840,14,303,1998,5190,132
840,14,303,1998,5810,3
840,14,303,1998,7190,4
840,14,303,1999,5190,87
840,14,303,1999,7190,5
840,14,303,2002,5190,33
840,14,303,2002,7190,1
840,14,303,2003,5190,45
840,14,303,2004,5190,60
840,14,303,2004,7190,4
840,14,303,2006,5190,24
840,14,303,2006,5810,1
840,14,303,2009,5190,18
840,14,313,1998,5810,4
840,14,313,1998,7190,11
840,14,313,1999,5190,2
840,14,313,1999,5810,6
840,14,313,1999,7190,8
840,14,313,2000,5190,7
840,14,313,2000,5810,7
840,14,313,2000,7190,11
840,14,313,2001,5190,4
840,14,313,2001,5810,6
840,14,313,2001,7190,9
840,14,313,2002,5190,11
840,14,313,2002,5810,3
840,14,313,2002,7190,9
840,14,313,2003,5190,10
840,14,313,2003,5810,10
840,14,313,2003,7190,2
840,14,313,2004,5190,13
840,14,313,2004,5810,5
840,14,313,2004,7190,8
840,14,313,2005,5190,5
840,14,313,2005,5810,5
840,14,313,2005,7190,7
840,14,313,2012,5190,5
840,14,313,2012,5810,3
840,14,313,2012,7190,5
840,14,313,2013,5190,8
840,14,313,2013,5810,8
840,14,313,2014,5190,8
840,14,313,2014,7190,2
840,14,313,2015,5190,5
840,14,313,2015,5810,1
840,14,313,2015,7190,2
840,14,313,2016,5190,7
840,14,313,2016,5810,2
840,14,313,2017,5810,5
840,14,313,2017,7190,1
840,14,319,1996,5540,8
840,14,319,1996,5810,39
840,14,319,1996,6810,1
840,14,319,1996,7190,8
840,14,319,1997,5190,7
840,14,319,1997,5540,4
840,14,319,1997,5810,43
840,14,319,1997,6810,5
840,14,319,1997,7190,10
840,14,319,2001,5190,4
840,14,319,2001,5540,3
840,14,319,2001,5810,52
840,14,319,2001,6810,11
840,14,319,2001,7190,2
840,14,319,2002,5190,11
840,14,319,2002,5540,1
840,14,319,2002,5810,44
840,14,319,2002,6810,2
840,14,319,2002,7190,2
840,14,319,2003,5190,13
840,14,319,2003,5540,1
840,14,319,2003,5810,35
840,14,319,2003,6810,2
840,14,319,2003,7190,5
840,14,319,2004,5190,18
840,14,319,2004,5540,3
840,14,319,2004,5810,34
840,14,319,2004,6810,2
840,14,319,2004,7190,6
840,14,319,2005,5190,21
840,14,319,2005,5540,1
840,14,319,2005,5810,47
840,14,319,2005,6810,2
840,14,319,2005,7190,1
840,14,319,2006,5190,37
840,14,319,2006,5540,1
840,14,319,2006,5810,43
840,14,319,2006,6810,3
840,14,319,2006,7190,3
840,14,319,2007,5190,20
840,14,319,2007,5810,46
840,14,319,2007,7190,2
840,14,319,2008,5190,16
840,14,319,2008,5810,43
840,14,319,2008,6810,5
840,14,319,2008,7190,4
840,14,319,2009,5190,8
840,14,319,2009,5540,1
840,14,319,2009,5810,36
840,14,319,2009,6810,3
840,14,319,2009,7190,1
840,14,319,2010,5190,14
840,14,319,2010,5540,1
840,14,319,2010,5810,50
840,14,319,2010,6810,3
840,14,319,2010,7190,5
840,14,319,2011,5190,1
840,14,319,2011,5810,46
840,14,319,2011,6810,3
840,14,319,2011,7190,4
840,14,319,2012,5190,6
840,14,319,2012,5810,46
840,14,319,2012,6810,3
840,14,319,2012,7190,3
840,14,319,2013,5190,10
840,14,319,2013,5540,1
840,14,319,2013,5810,32
840,14,319,2013,6810,4
840,14,319,2013,7190,6
840,14,319,2014,5190,11
840,14,319,2014,5810,13
840,14,319,2014,6810,1
840,14,319,2015,5190,2
840,14,319,2015,5810,17
840,14,319,2015,6810,1
840,14,319,2016,5190,1
840,14,319,2016,5810,17
840,14,319,2016,6810,4
840,14,319,2017,5810,19
840,14,319,2017,7190,2
840,14,320,2007,5190,68
840,14,320,2009,5190,70
840,14,320,2013,5190,88
840,14,320,2014,5190,47
840,14,341,1996,5190,24
840,14,341,1996,5810,2
840,14,341,1996,7190,1
840,14,341,1997,5190,54
840,14,341,1997,5810,1
840,14,341,1997,7190,1
840,14,341,2006,5190,20
840,14,341,2006,5810,2
840,14,341,2006,7190,2
840,14,341,2007,5190,41
840,14,341,2007,5810,2
840,14,341,2007,7190,1
840,14,341,2008,5190,23
840,14,341,2008,5810,3
840,14,341,2009,5190,59
840,14,341,2009,5810,3
840,14,341,2010,5190,26
840,14,341,2010,5810,1
840,14,341,2012,5190,10
840,14,341,2012,5810,4
840,14,341,2013,5190,15
840,14,341,2013,5810,1
840,14,341,2014,5190,10
840,14,341,2014,5810,1
840,14,341,2015,5190,24
840,14,341,2015,5810,2
840,14,341,2016,5190,37
840,14,341,2016,5810,2
840,14,341,2017,5190,24
840,14,345,2014,5190,114
840,14,345,2014,5810,11
840,14,345,2014,6810,11
840,14,345,2015,5190,168
840,14,345,2015,5810,5
840,14,345,2015,6810,7
840,14,345,2015,7190,1
840,14,345,2016,5190,122
840,14,345,2016,5810,10
840,14,345,2016,6810,2
840,14,345,2016,7190,2
840,14,345,2017,5190,119
840,14,345,2017,5810,14
840,14,345,2017,6810,1
840,14,345,2017,7190,3
840,14,352,1996,5190,50
840,14,352,1996,5810,87
840,14,352,1996,6810,22
840,14,352,1997,5190,60
840,14,352,1997,5810,82
840,14,352,1997,6810,23
840,14,352,1998,5190,51
840,14,352,1998,5810,108
840,14,352,1998,6810,39
840,14,352,1998,7190,2
840,14,352,2002,5190,45
840,14,352,2002,5810,84
840,14,352,2002,6810,13
840,14,352,2002,7190,2
840,14,352,2005,5190,59
840,14,352,2005,5810,123
840,14,352,2005,6810,22
840,14,352,2007,5190,72
840,14,352,2007,5810,111
840,14,352,2007,6810,23
840,14,352,2008,5190,67
840,14,352,2008,5810,118
840,14,352,2008,6810,26
840,14,352,2009,5190,92
840,14,352,2009,5810,132
840,14,352,2009,6810,21
840,14,352,2010,5190,107
840,14,352,2010,5810,131
840,14,352,2010,6810,29
840,14,352,2013,5190,91
840,14,352,2013,5810,81
840,14,352,2013,6810,15
840,14,352,2014,5190,126
840,14,352,2014,5810,77
840,14,352,2014,6810,7
840,14,352,2014,7190,2
840,14,352,2015,5190,123
840,14,352,2015,5810,81
840,14,352,2015,6810,10
840,14,352,2015,7190,4
840,14,357,2002,5190,14
840,14,357,2002,7190,15
840,14,357,2008,5190,5
840,14,357,2008,5810,1
840,14,357,2009,5190,18
840,14,357,2009,5810,3
840,14,357,2010,5190,7
840,14,357,2010,5810,3
840,14,357,2011,5190,8
840,14,357,2011,5810,13
840,14,357,2011,7190,2
840,14,357,2012,5190,78
840,14,357,2012,5810,1
840,14,357,2013,5190,6
840,14,357,2013,5810,1
840,14,357,2014,5190,13
840,14,357,2014,5810,1
840,14,357,2015,5190,16
840,14,357,2015,5810,1
840,14,357,2015,7190,3
840,14,357,2016,5190,6
840,14,357,2017,5190,10
840,14,357,2017,7190,4
840,14,366,2012,5190,16
840,14,366,2012,7190,1
840,14,366,2013,5190,10
840,14,366,2013,7190,2
840,14,366,2014,5190,19
840,14,366,2014,7190,2
840,14,366,2015,5190,19
840,14,366,2015,7190,9
840,14,366,2016,5190,38
840,14,366,2016,7190,8
840,14,366,2017,5190,21
840,14,366,2017,7190,4
840,14,411,1998,5190,18
840,14,411,1998,7190,18
840,14,411,1999,5190,7
840,14,411,1999,7190,24
840,14,411,2000,5190,6
840,14,411,2000,7190,21
840,14,411,2001,5190,7
840,14,411,2001,7190,22
840,14,411,2002,5190,6
840,14,411,2002,7190,13
840,14,411,2003,5190,7
840,14,411,2003,7190,16
840,14,411,2004,5190,5
840,14,411,2004,7190,17
840,14,411,2005,5190,4
840,14,411,2005,7190,22
840,14,411,2006,5190,8
840,14,411,2006,7190,18
840,14,411,2007,5190,9
840,14,411,2007,7190,14
840,14,411,2008,5190,7
840,14,411,2008,7190,5
840,14,411,2009,5190,5
840,14,411,2009,7190,10
840,14,411,2010,5190,6
840,14,411,2010,7190,13
840,14,411,2011,5190,11
840,14,411,2011,7190,15
840,14,425,2006,5190,52
840,14,425,2006,5810,7
840,14,425,2006,6810,7
840,14,425,2006,7190,35
840,14,427,1997,5190,16
840,14,427,1997,7190,17
840,14,427,1998,5190,1
840,14,427,1998,7190,9
840,14,427,1999,5190,7
840,14,427,1999,7190,23
840,14,427,2000,5190,1
840,14,427,2000,7190,8
840,14,427,2001,5190,5
840,14,427,2001,7190,6
840,14,427,2003,5190,3
840,14,427,2003,7190,14
840,14,427,2004,5190,3
840,14,427,2004,7190,9
840,14,427,2005,5190,15
840,14,427,2005,7190,3
840,14,427,2008,5190,1
840,14,427,2008,7190,8
840,14,427,2009,5190,7
840,14,427,2009,7190,17
840,14,427,2012,5190,12
840,14,427,2012,7190,20
840,14,427,2014,5190,5
840,14,427,2014,7190,10
840,14,427,2015,5190,4
840,14,427,2015,7190,18
840,14,427,2017,5190,8
840,14,427,2017,7190,12
840,14,432,1999,7190,37
840,14,432,2000,5810,1
840,14,432,2000,7190,30
840,14,432,2001,7190,26
840,14,432,2002,5810,1
840,14,432,2002,7190,17
840,14,432,2003,7190,25
840,14,432,2004,5810,2
840,14,432,2004,7190,31
840,14,432,2005,7190,39
840,14,432,2006,5810,8
840,14,432,2006,7190,35
840,14,432,2007,7190,21
840,14,437,2015,5190,12
840,14,437,2015,5810,1
840,14,437,2015,7190,8
840,14,437,2016,5190,4
840,14,437,2016,7190,17
840,14,503,2010,5190,93
840,14,503,2011,5190,55
840,14,503,2011,7190,3
840,14,503,2012,5190,43
840,14,503,2012,5810,3
840,14,503,2012,7190,4
840,14,503,2013,5190,57
840,14,503,2013,7190,1
840,14,503,2014,5190,47
840,14,503,2014,5810,1
840,14,503,2015,5190,43
840,14,503,2015,7190,2
840,14,503,2016,5190,84
840,14,503,2016,5810,2
840,14,503,2016,7190,2
840,14,503,2017,5190,64
840,14,503,2017,7190,4
840,14,909,2003,5190,9
840,14,909,2003,7190,8
840,14,909,2004,5190,1
840,14,909,2004,7190,36
840,14,909,2005,5190,4
840,14,909,2005,7190,24
840,14,909,2006,5190,1
840,14,909,2006,7190,7
840,14,909,2007,5190,8
840,14,909,2007,7190,2
840,14,909,2008,5190,5
840,14,909,2008,7190,3
840,14,909,2009,5190,10
840,14,909,2009,7190,10